Creation Date,Domain,IP,Country,Registrar
1/21/2022,aglomerat-kassa.ru,179.43.166.54,China,RU-CENTER-RU
1/21/2022,circospb.ru,179.43.166.54,China,RU-CENTER-RU
1/21/2022,fcarsenal-tickets.ru,179.43.166.54,China,REGRU-RU
1/21/2022,fcrostov-kassa.ru,179.43.166.54,China,REGRU-RU
1/21/2022,fxxc-tickets.ru,179.43.166.54,China,REGRU-RU
1/21/2022,hcmetallurg-tickets.com,179.43.166.54,China,Not Found
1/21/2022,vaenga-kassa.com,179.43.166.54,China,Not Found
5/13/2022,edsheeran-tour.com,91.239.26.147,China,Not Found
5/25/2022,baikalfest.com,179.43.166.54,China,Not Found
5/25/2022,circus-krasnodar.com,91.239.26.147,China,Not Found
5/25/2022,ckz-krasnodar.com,91.239.26.147,China,Not Found
5/25/2022,coinrest-afisha.com,91.239.26.147,China,Not Found
5/25/2022,fc-loko.ru,179.43.166.54,China,REGRU-RU
5/25/2022,gorkypark-ticket.ru,179.43.166.54,China,REGRU-RU
5/25/2022,kvndom.ru,179.43.166.54,China,REGRU-RU
5/25/2022,mhgtheatre.ru,179.43.166.54,China,REGRU-RU
5/25/2022,moskvarium.com.ru,91.239.26.147,China,RU-CENTER-RU
5/25/2022,sibirarena-kassa.com,91.239.26.147,China,Not Found
5/25/2022,sound.spb.ru,179.43.166.54,China,RU-CENTER-RU
5/25/2022,summerfestsochi.com,91.239.26.147,China,Not Found
5/25/2022,technic-tickets.ru,91.239.26.147,China,REGRU-RU
5/25/2022,ticket-boxing.com,179.43.166.54,China,Not Found
5/25/2022,tickets-jony.com,179.43.166.54,China,Not Found
5/25/2022,tickets-paris24.com,179.43.166.54,China,Not Found
5/25/2022,vtb-league-tickets.com,91.239.26.147,China,Not Found
5/25/2022,zemfiraru.com,91.239.26.147,China,Not Found
7/29/2022,afisha-hammalinavai.ru,179.43.166.54,China,RU-CENTER-RU
7/29/2022,dimash-concert.com,179.43.166.54,China,Not Found
7/29/2022,dynamo-fc-moscow.ru,179.43.166.54,China,REGRU-RU
7/29/2022,hc-barys.com,179.43.166.54,China,Not Found
7/29/2022,igoryantest.ru,179.43.166.54,China,RU-CENTER-RU
7/29/2022,megasport-kassa.ru,179.43.166.54,China,RU-CENTER-RU
7/29/2022,russia-basket.com,179.43.166.54,China,Not Found
7/29/2022,ticket-fcz.spb.ru,179.43.166.54,China,RU-CENTER-RU
7/29/2022,zivert.kg,179.43.166.54,China,Not Found
8/4/2022,1tv-cup.ru,179.43.166.54,China,REGRU-RU
8/4/2022,bolshoi-kassa.com,179.43.166.54,China,Not Found
8/4/2022,ledovoe-show.ru,179.43.166.54,China,REGRU-RU
8/4/2022,mdm-palace.ru,179.43.166.54,China,REGRU-RU
8/4/2022,scriptonit-tickets.com,179.43.166.54,China,Not Found
8/4/2022,tickets-euro2024.com,179.43.166.54,China,Not Found
10/12/2022,bastaconcert.site,179.43.166.54,Russian,Not Found
10/18/2022,afishaclub.spb.ru,179.43.166.54,Russia,RU-CENTER-RU
10/18/2022,afisha-clubja.ru,179.43.166.54,Russia,REGRU-RU
10/18/2022,afisha-karena.ru,179.43.166.54,Russia,RU-CENTER-RU
10/18/2022,afisha-tmhconcert.ru,179.43.166.54,Russia,REGRU-RU
10/18/2022,dgtuhall-afisha.ru,179.43.166.54,Russia,REGRU-RU
10/18/2022,kolbasnyytsekh.ru,179.43.166.54,Russia,REGRU-RU
10/18/2022,komtheatre-afisha.site,179.43.166.54,Russia,Not Found
10/18/2022,kremlin-kassa.com,179.43.166.54,Russia,Not Found
10/18/2022,sevkaport-afisha.site,179.43.166.54,Russia,Not Found
10/18/2022,snowshow-afisha.site,179.43.166.54,Russia,Not Found
10/18/2022,sochi-hokkey.ru,179.43.166.54,Russia,REGRU-RU
10/18/2022,teatrsats.ru,179.43.166.54,Russia,REGRU-RU
10/18/2022,tractor-hokkey.ru,179.43.166.54,Russia,REGRU-RU
10/18/2022,xk-cska.ru,179.43.166.54,Russia,REGRU-RU
10/18/2022,yantar-kassa.com,179.43.166.54,Russia,Not Found
10/25/2022,afisha-fest.ru,179.43.166.54,Russia,REGRU-RU
10/25/2022,all-widget.com,91.239.26.147,Russia,Not Found
10/25/2022,bandyhockey.ru,179.43.166.54,Russia,REGRU-RU
10/25/2022,kznn-upiter.ru,179.43.166.54,Russia,REGRU-RU
10/25/2022,mumii-troll.ru,179.43.166.54,Russia,RU-CENTER-RU
10/25/2022,satirikon-kassa.ru,179.43.166.54,Russia,REGRU-RU
11/7/2022,avangard-tickets.ru,179.43.166.54,China,RU-CENTER-RU
11/7/2022,bts-tickets.ru,179.43.166.54,China,REGRU-RU
11/7/2022,etihad-arena.com,179.43.166.54,China,Not Found
11/7/2022,fcufa-kassa.ru,179.43.166.54,China,REGRU-RU
11/7/2022,tatarena.com,179.43.166.54,China,Not Found
11/7/2022,zhara-festival.com,179.43.166.54,China,Not Found
11/29/2022,arena-ska.com,179.43.166.54,Russia,Not Found
11/29/2022,dance-open.com,179.43.166.54,Russia,Not Found
11/29/2022,fc-alania.com,179.43.166.54,China,Not Found
11/29/2022,spartak-alania.com,179.43.166.54,Russia,Not Found
12/12/2022,kz-moscow.ru,179.43.166.54,Russia,Not Found
12/12/2022,udurova.com,179.43.166.54,Russia,Not Found
12/14/2022,adrenaline-kassa.ru,91.239.26.147,Personal,REGRU-RU
12/14/2022,afishacomedy.ru,91.239.26.147,Personal,REGRU-RU
12/14/2022,basta-tickets.ru,91.239.26.147,Personal,RU-CENTER-RU
12/14/2022,cosmonavt-tickets.ru,91.239.26.147,Personal,REGRU-RU
12/14/2022,gymnastics-tickets.ru,91.239.26.147,Personal,RU-CENTER-RU
12/14/2022,music-live-hall.ru,91.239.26.147,Personal,REGRU-RU
12/14/2022,redarena-kassa.com,91.239.26.147,Personal,Not Found
12/21/2022,afisha-vokzal.ru,179.43.166.54,Russian,REGRU-RU
12/21/2022,balet-schelkunchik.ru,179.43.166.54,China,RU-CENTER-RU
12/21/2022,bcz-kassa.ru,179.43.166.54,Russian,REGRU-RU
12/21/2022,chaikovskogo-ticket.ru,179.43.166.54,China,RU-CENTER-RU
12/21/2022,etheatreballet.ru,179.43.166.54,China,Not Found
12/21/2022,feyerverk-fest.ru,179.43.166.54,Russian,REGRU-RU
12/21/2022,hermtheatre.ru,179.43.166.54,China,REGRU-RU
12/21/2022,imaginedragons-tickets.ru,179.43.166.54,Russian,BEGET-RU
12/21/2022,krocus-hall.ru,179.43.166.54,Russian,Not Found
12/21/2022,megasport-afisha.ru,179.43.166.54,Russian,RU-CENTER-RU
12/21/2022,olimpark-kassa.com,179.43.166.54,China,Not Found
12/21/2022,stanmus.com.ru,179.43.166.54,Russian,RU-CENTER-RU
12/21/2022,tickets-depechemode.com,179.43.166.54,China,Not Found
12/21/2022,tickets-fcrnd.ru,179.43.166.54,Russian,REGRU-RU
12/21/2022,yuri-antonov.ru,179.43.166.54,Russian,REGRU-RU
12/23/2022,afishabaltheatre.com,179.43.166.54,Russia,Not Found
12/23/2022,afishapiknik.com,179.43.166.54,Russia,Not Found
12/23/2022,balashiha-icearena.com,179.43.166.54,Russia,Not Found
12/23/2022,baseclub-tickets.com,179.43.166.54,Russia,Not Found
12/23/2022,circus-rnd.ru,179.43.166.54,Russia,Not Found
12/23/2022,concertannaasti.com,179.43.166.54,Russia,Not Found
12/23/2022,concertknyazz.com,179.43.166.54,Russia,Not Found
12/23/2022,fs-tickets.ru,179.43.166.54,Russia,REGRU-RU
12/23/2022,kassir.com.ru,179.43.166.54,Russia,RU-CENTER-RU
12/23/2022,kz-cosmos.ru,179.43.166.54,Russia,REGRU-RU
12/23/2022,lenkomafisha.ru,179.43.166.54,Russia,RU-CENTER-RU
12/23/2022,masha-medved.ru,179.43.166.54,Russia,REGRU-RU
12/23/2022,mayakovski-teatr.com,179.43.166.54,Russia,Not Found
12/23/2022,svetlana-zaharova.com,179.43.166.54,Russia,Not Found
12/23/2022,teatrarmy.ru,179.43.166.54,Russia,REGRU-RU
12/23/2022,teatrpushkina.ru,179.43.166.54,Russia,REGRU-RU
12/23/2022,ticket-megasport.ru,179.43.166.54,Russia,REGRU-RU
12/23/2022,ticketoffice.kz,194.110.54.184,Russia,Not Found
12/23/2022,vitez-hockey.com,179.43.166.54,Russia,Not Found
1/11/2023,afisha-afmclub.ru,179.43.166.54,China,REGRU-RU
1/11/2023,afisha-ghall.ru,179.43.166.54,China,REGRU-RU
1/11/2023,aria-tickets.ru,179.43.166.54,Russia,REGRU-RU
1/11/2023,atp500.ru,91.239.26.147,Russia,REGRU-RU
1/11/2023,basket-khimki.ru,179.43.166.54,China,REGRU-RU
1/11/2023,bdva.com.ru,91.239.26.147,Russia,RU-CENTER-RU
1/11/2023,cirque-spb.com,91.239.26.147,Russia,Not Found
1/11/2023,concert.spb.ru,179.43.166.54,China,RU-CENTER-RU
1/11/2023,cska-hokkey.ru,179.43.166.54,Russia,RU-CENTER-RU
1/11/2023,dkzelenograd-kassa.com,91.239.26.147,Russia,Not Found
1/11/2023,ed-sheeran.com.ru,91.239.26.147,Russia,RU-CENTER-RU
1/11/2023,embargo-villa.ru,179.43.166.54,China,REGRU-RU
1/11/2023,evgeniy-grishkovets.com,179.43.166.54,China,Not Found
1/11/2023,fckhimki-tickets.ru,179.43.166.54,China,Not Found
1/11/2023,fckrasnodar-kassa.com,179.43.166.54,China,Not Found
1/11/2023,glav-club.ru,179.43.166.54,Russia,REGRU-RU
1/11/2023,gogolcentr.ru,179.43.166.54,China,REGRU-RU
1/11/2023,gruppa-lube.com,91.239.26.147,Russia,Not Found
1/11/2023,hcakbars.ru,179.43.166.54,Russia,RU-CENTER-RU
1/11/2023,kremlcup.com,179.43.166.54,China,Not Found
1/11/2023,kvartet-i-kassa.com,179.43.166.54,China,Not Found
1/11/2023,lencom-ticket.ru,179.43.166.54,Russia,Not Found
1/11/2023,lencom-tickets.ru,179.43.166.54,Russia,Not Found
1/11/2023,mht-tickets.ru,179.43.166.54,Russia,Not Found
1/11/2023,myatafest.com,179.43.166.54,China,Not Found
1/11/2023,rfs-tickets.com,179.43.166.54,China,Not Found
1/11/2023,rosahall-ticket.ru,179.43.166.54,China,RU-CENTER-RU
1/11/2023,shelkunchik-bolshoi.com,179.43.166.54,Russia,Not Found
1/11/2023,teatr-mossovet.ru,179.43.166.54,Russia,RU-CENTER-RU
1/11/2023,teatr-operetta.ru,179.43.166.54,China,REGRU-RU
1/11/2023,teatr-viktuka.ru,179.43.166.54,China,REGRU-RU
1/11/2023,theatre.msk.ru,179.43.166.54,China,RU-CENTER-RU
1/11/2023,tickets-concierge.ru,179.43.166.54,China,REGRU-RU
1/16/2023,orlovsereygtour.ru,179.43.166.54,Russia,Not Found
1/17/2023,dklconcert.com,179.43.166.54,Russia,Not Found
1/17/2023,glavkpalace.ru,179.43.166.54,Russia,REGRU-RU
1/17/2023,hc-lokomotive.ru,179.43.166.54,Russia,Not Found
1/17/2023,konserv-kassa.com,179.43.166.54,Russia,Not Found
1/17/2023,kz-mir.com,179.43.166.54,Russia,Not Found
1/17/2023,rosahall-afisha.ru,179.43.166.54,Russia,REGRU-RU
1/17/2023,tickets-sibir.ru,179.43.166.54,Russia,REGRU-RU
1/23/2023,biletprivet.com,179.43.166.54,Russian,Not Found
1/23/2023,kassy.com.ru,179.43.166.54,Russian,RU-CENTER-RU
2/1/2023,afishasvkblport.ru,179.43.166.54,Russia,REGRU-RU
2/1/2023,annaasti-tickets.ru,179.43.166.54,Russia,RU-CENTER-RU
2/1/2023,arena-traktor.ru,179.43.166.54,Russia,REGRU-RU
2/1/2023,big-circus.ru,179.43.166.54,Russia,REGRU-RU
2/1/2023,circus-kassa.com,179.43.166.54,Russia,Not Found
2/1/2023,diagfest-tickets.ru,179.43.166.54,Russia,RU-CENTER-RU
2/1/2023,dkgorbunova.com,179.43.166.54,Russia,Not Found
2/1/2023,fcdynamo-kassa.ru,179.43.166.54,Russia,RU-CENTER-RU
2/1/2023,festivalnyi-sochi.ru,179.43.166.54,Russia,R01-RU
2/1/2023,fs-granpri.ru,91.239.26.147,Russia,Not Found
2/1/2023,gipsybar.ru,179.43.166.54,Russia,REGRU-RU
2/1/2023,gogol-centr.com,179.43.166.54,Russia,Not Found
2/1/2023,green-teatr.ru,179.43.166.54,Russia,REGRU-RU
2/1/2023,krknagornyi.ru,179.43.166.54,Russia,REGRU-RU
2/1/2023,krskfilarmonia.com,179.43.166.54,Russia,Not Found
2/1/2023,live-tickets.ru,179.43.166.54,Russia,REGRU-RU
2/1/2023,ltheatre.com,179.43.166.54,Russia,Not Found
2/1/2023,mayakovski-teatr.ru,179.43.166.54,Russia,Not Found
2/1/2023,nn-basket.com,179.43.166.54,Russia,Not Found
2/1/2023,olimpkrasnodar.com,179.43.166.54,Russia,Not Found
2/1/2023,roofmusicgroup.com,91.239.26.147,Russia,Not Found
2/1/2023,rosahall-tickets.ru,179.43.166.54,Russia,RU-CENTER-RU
2/1/2023,rukivverh-ticket.ru,179.43.166.54,Russia,RU-CENTER-RU
2/1/2023,sochi-concert.com,179.43.166.54,Russia,Not Found
2/1/2023,tickets-surganova.com,179.43.166.54,Russia,Not Found
2/1/2023,tickets-zveri.com,179.43.166.54,Russia,Not Found
2/1/2023,urban-concert.com,179.43.166.54,Russia,Not Found
2/1/2023,volyabilet.ru,179.43.166.54,Russia,RU-CENTER-RU
2/13/2023,fcsochi-tickets.ru,91.239.26.147,Russia,RU-CENTER-RU
2/13/2023,museums.msk.ru,91.239.26.147,Russia,RU-CENTER-RU
2/13/2023,permopera-kassa.com,91.239.26.147,Russia,Not Found
2/13/2023,pro-concert.com,91.239.26.147,Russia,Not Found
3/9/2023,afisha-btheatre.ru,179.43.166.54,Russia,REGRU-RU
3/9/2023,arenadinamo.ru,179.43.166.54,Russia,REGRU-RU
3/9/2023,arenadynamo.ru,179.43.166.54,Russia,REGRU-RU
3/9/2023,congresshall-afisha.com,179.43.166.54,Russia,Not Found
3/9/2023,dk-octoberkassa.com,179.43.166.54,Russia,Not Found
3/9/2023,dynamobilet.ru,179.43.166.54,Russia,RU-CENTER-RU
3/9/2023,fs-ticketing.ru,179.43.166.54,Russia,RU-CENTER-RU
3/9/2023,galkin-tickets.ru,179.43.166.54,Russia,REGRU-RU
3/9/2023,garik-sukachev.com,179.43.166.54,Russia,Not Found
3/9/2023,icecub-kassa.ru,179.43.166.54,Russia,RU-CENTER-RU
3/9/2023,kanyewest.com.ru,179.43.166.54,Russia,RU-CENTER-RU
3/9/2023,msk-concert.com,179.43.166.54,Russia,Not Found
3/9/2023,oxxymiron.com,179.43.166.54,Russia,Not Found
3/9/2023,pro-khl.com,179.43.166.54,Russia,Not Found
3/9/2023,tagankasat.ru,179.43.166.54,Russia,REGRU-RU
3/9/2023,teatr-kassa.com,179.43.166.54,Russia,Not Found
3/9/2023,theatr.msk.ru,179.43.166.54,Russia,RU-CENTER-RU
3/9/2023,ticket-am.com,179.43.166.54,Russia,Not Found
3/9/2023,ticket-euro2024.de,179.43.166.54,Russia,Not Found
3/9/2023,tickets-ska.com,179.43.166.54,Russia,Not Found
3/9/2023,torpedo-hockey.ru,179.43.166.54,Russia,REGRU-RU
3/9/2023,twenty-one-pilots.ru,179.43.166.54,Russia,RU-CENTER-RU
3/9/2023,zivert-tickets.ru,179.43.166.54,Russia,REGRU-RU
3/20/2023,arena-lada.com,179.43.166.54,Russia,Not Found
3/20/2023,bc-khimki.ru,179.43.166.54,Russia,REGRU-RU
3/20/2023,bdramtheatre.com,179.43.166.54,Russia,Not Found
3/20/2023,cafa-tickets.com,179.43.166.54,Russia,Not Found
3/20/2023,december-fest.com,179.43.166.54,Russia,Not Found
3/20/2023,fetisov-arena.com,179.43.166.54,Russia,Not Found
3/20/2023,grand-circus.ru,179.43.166.54,Russia,REGRU-RU
3/20/2023,hcadmiral.com,179.43.166.54,Russia,Not Found
3/20/2023,hc-lada.com,179.43.166.54,Russia,Not Found
3/20/2023,hc-severstal.com,179.43.166.54,Russia,Not Found
3/20/2023,hc-spartak-tickets.ru,179.43.166.54,Russia,REGRU-RU
3/20/2023,iron-maiden.com.ru,179.43.166.54,Russia,RU-CENTER-RU
3/20/2023,kaliningrad-arena.ru,179.43.166.54,Russia,RU-CENTER-RU
3/20/2023,kassa-musichall.com,179.43.166.54,Russia,Not Found
3/20/2023,kino-banda.ru,179.43.166.54,Russia,Not Found
3/20/2023,netrebko.ru,179.43.166.54,Russia,REGRU-RU
3/20/2023,r-arena-sochi.ru,179.43.166.54,Russia,REGRU-RU
3/20/2023,skyubia-spb.ru,179.43.166.54,Russia,RU-CENTER-RU
3/20/2023,sochihockeyopen.com,179.43.166.54,Russia,Not Found
3/20/2023,teatr-plehanova.ru,179.43.166.54,Russia,REGRU-RU
3/20/2023,teatr-ugolok.ru,179.43.166.54,Russia,REGRU-RU
3/20/2023,ticketsrozenbaum.com,179.43.166.54,Russia,Not Found
3/20/2023,till-lindemann.ru,179.43.166.54,Russia,REGRU-RU
3/20/2023,ufc-fighting.ru,179.43.166.54,Russia,RU-CENTER-RU
3/20/2023,ugolok-durova.ru,179.43.166.54,Russia,REGRU-RU
3/20/2023,vivabilet.ru,179.43.166.54,Russia,RU-CENTER-RU
3/20/2023,volya-afisha.ru,179.43.166.54,Russia,RU-CENTER-RU
3/20/2023,zivert.am,179.43.166.54,Russia,Not Found
3/30/2023,agutin-tour.ru,179.43.166.54,Russia,REGRU-RU
3/30/2023,arena-mordovia.com,179.43.166.54,Russia,Not Found
3/30/2023,biletim-tickets.ru,179.43.166.54,Russia,REGRU-RU
3/30/2023,bubble-festival.com,179.43.166.54,Russia,Not Found
3/30/2023,euroservise.com,179.43.166.54,Russia,Not Found
3/30/2023,fc-fakel.com,179.43.166.54,Russia,Not Found
3/30/2023,grandsiberiahall.com,179.43.166.54,Russia,Not Found
3/30/2023,rv-bar.com,179.43.166.54,Russia,Not Found
4/4/2023,dram-teatr-krd.com,179.43.166.54,Russia,Not Found
4/6/2023,almaty-arena.com,179.43.166.54,Russia,Not Found
4/7/2023,fc-akron.com,179.43.166.54,Russia,Not Found
4/7/2023,ice-shows.ru,179.43.166.54,Russia,RU-CENTER-RU
4/13/2023,arena-tractor.com,91.239.26.147,Russia,Not Found
4/13/2023,autodrom-igora.com,91.239.26.147,Russia,Not Found
4/13/2023,dance-kubok-mira.com,91.239.26.147,Russia,Not Found
4/13/2023,fcrubin-kassa.ru,91.239.26.147,Russia,REGRU-RU
4/13/2023,harry-styles.ru,91.239.26.147,Russia,REGRU-RU
4/13/2023,hcsochi-tickets.ru,91.239.26.147,Russia,REGRU-RU
4/13/2023,luzhniki-kassa.com,91.239.26.147,Russia,Not Found
4/13/2023,mainstage-kassa.com,91.239.26.147,Russia,Not Found
4/13/2023,moulinrouge-kabare.com,91.239.26.147,Russia,Not Found
4/13/2023,napokrovke.com,91.239.26.147,Russia,Not Found
4/13/2023,newwave-tickets.ru,91.239.26.147,Russia,BEGET-RU
4/13/2023,russkayapesnya.ru,91.239.26.147,Russia,REGRU-RU
4/13/2023,saburovnurlan.ru,91.239.26.147,Russia,REGRU-RU
4/28/2023,concert-onyx.com,179.43.166.54,Russia,Not Found
5/3/2023,annaasti-concert.ru,179.43.166.54,Russia,REGRU-RU
5/3/2023,cropp-arena.ru,179.43.166.54,Russia,REGRU-RU
5/3/2023,diana-vishneva.com,179.43.166.54,Russia,Not Found
5/3/2023,eurofootballchamp.com,179.43.166.54,Russia,Not Found
5/3/2023,fctambov.com,179.43.166.54,Russia,Not Found
5/3/2023,fight-tickets.ru,179.43.166.54,Russia,REGRU-RU
5/3/2023,kpokyc-kacca.ru,179.43.166.54,Russia,RU-CENTER-RU
5/3/2023,mossovetafisa.ru,179.43.166.54,Russia,RU-CENTER-RU
5/3/2023,newwavesochi.com,179.43.166.54,Russia,Not Found
5/3/2023,satire-afisha.ru,179.43.166.54,Russia,REGRU-RU
5/3/2023,standupbilet.com,179.43.166.54,Russia,Not Found
5/3/2023,tickets-hcs.com,179.43.166.54,Russia,Not Found
5/11/2023,club-morze.com,179.43.166.54,Personal,Not Found
5/11/2023,eurofootball-tickets.com,179.43.166.54,Personal,Not Found
5/12/2023,tickets-mmd.com,179.43.166.54,Russia,Not Found
5/16/2023,cska-kassa.com,179.43.166.54,Russia,Not Found
5/16/2023,events-ge.com,179.43.166.54,Russia,Not Found
5/16/2023,fc-dynamo-moscow.ru,179.43.166.54,Russia,REGRU-RU
5/16/2023,gldnmask.com,179.43.166.54,Russia,Not Found
5/16/2023,kskarena.com,179.43.166.54,Russia,Not Found
5/16/2023,tickets-big-love-show.com,179.43.166.54,Russia,Not Found
5/23/2023,arenakazan.ru,179.43.166.54,Russia,RU-CENTER-RU
5/23/2023,cska-basket.ru,179.43.166.54,Russia,REGRU-RU
5/23/2023,dkzh-nsk.ru,179.43.166.54,Russia,REGRU-RU
5/23/2023,luzhniki-afisha.com,179.43.166.54,Russia,Not Found
5/23/2023,tyuz-spb.com,179.43.166.54,Russia,Not Found
5/26/2023,tickets-az.com,179.43.166.54,Russia,Not Found
5/31/2023,anna-karenina.ru,179.43.166.54,Russia,REGRU-RU
5/31/2023,crocus-concerthall.ru,179.43.166.54,Russia,RU-CENTER-RU
5/31/2023,gazarena.ru,179.43.166.54,Russia,REGRU-RU
5/31/2023,gazarena.spb.ru,179.43.166.54,Russia,RU-CENTER-RU
5/31/2023,humo-arena.com,179.43.166.54,Russia,Not Found
5/31/2023,tashkentpalace.com,179.43.166.54,Russia,Not Found
5/31/2023,turkiston-palace.com,179.43.166.54,Russia,Not Found
6/6/2023,turkey-tickets.com,179.43.166.54,Russia,Not Found
6/15/2023,afisha-bkz.spb.ru,179.43.166.54,Russian,RU-CENTER-RU
6/15/2023,afisha-dkyauza.ru,91.239.26.147,Russia,REGRU-RU
6/15/2023,afisha-tbtheatre.ru,91.239.26.147,Russia,REGRU-RU
6/15/2023,dachanabali.ru,91.239.26.147,Russia,REGRU-RU
6/15/2023,kassa-muzcomedy.com,179.43.166.54,Russian,Not Found
6/15/2023,kiss-concert.com,179.43.166.54,Russia,Not Found
6/15/2023,labconcert.ru,179.43.166.54,Russian,REGRU-RU
6/15/2023,lukoil-arena.com,91.239.26.147,Russia,Not Found
6/15/2023,moscow-arena.com,91.239.26.147,Russia,Not Found
6/15/2023,mossovet-afisa.ru,179.43.166.54,Russia,RU-CENTER-RU
6/15/2023,opera-uae.com,179.43.166.54,Russian,Not Found
6/15/2023,sm-tickets.com,91.239.26.147,Russia,Not Found
6/15/2023,yubi-bilet.ru,179.43.166.54,Russia,RU-CENTER-RU
6/18/2023,afisha-shaman.com,179.43.166.54,Russia,Not Found
6/18/2023,brunomars-ticket.com,179.43.166.54,Russia,Not Found
6/18/2023,iceberg-kassa.ru,179.43.166.54,Russia,RU-CENTER-RU
6/18/2023,krilya-sovetov.com,179.43.166.54,Russia,Not Found
6/18/2023,museum.spb.ru,179.43.166.54,Russia,RU-CENTER-RU
6/18/2023,musichtheatre.com,179.43.166.54,Russia,Not Found
6/18/2023,ticketsfootball.club,179.43.166.54,Russia,Not Found
6/21/2023,kazan-arena.com,91.239.26.147,Russia,Not Found
6/22/2023,afisha-lentheatre.ru,179.43.166.54,Russia,REGRU-RU
6/22/2023,afisha-mtheter.ru,179.43.166.54,Russia,REGRU-RU
6/22/2023,afisha-rptheatre.ru,179.43.166.54,Russia,REGRU-RU
6/22/2023,afishashufu.com,179.43.166.54,Russia,Not Found
6/22/2023,currentzis-teodor.com,179.43.166.54,Russia,Not Found
6/22/2023,ekb-afisha.ru,179.43.166.54,Russia,REGRU-RU
6/22/2023,grammofon.com.ru,179.43.166.54,Russia,RU-CENTER-RU
6/22/2023,grammofon-tickets.ru,179.43.166.54,Russia,REGRU-RU
6/22/2023,krd-croparena.ru,179.43.166.54,Russia,RU-CENTER-RU
6/22/2023,livehall-ekb.ru,179.43.166.54,Russia,REGRU-RU
6/22/2023,lokomotive-basket.ru,179.43.166.54,Russia,REGRU-RU
6/22/2023,ludovicoeinaudi-afisha.com,179.43.166.54,Russia,Not Found
6/22/2023,olimpark-sochi.ru,179.43.166.54,Russia,REGRU-RU
6/22/2023,pesnya-goda.com,179.43.166.54,Russia,Not Found
6/22/2023,robbiewilliams-tickets.com,91.239.26.147,Russia,Not Found
6/22/2023,sochi-circus.com,179.43.166.54,Russia,Not Found
6/22/2023,ticket-allstarday.ru,179.43.166.54,Russia,REGRU-RU
6/22/2023,vegastick.com,179.43.166.54,Russia,Not Found
6/26/2023,kznarena.ru,91.239.26.147,Russia,REGRU-RU
6/26/2023,loko-hockey.com,91.239.26.147,Russia,Not Found
6/26/2023,te-tickets.ru,91.239.26.147,Russia,REGRU-RU
6/26/2023,ticket-fcz.com,91.239.26.147,Russia,Not Found
6/26/2023,tickets-spartak.com,91.239.26.147,Russia,Not Found
6/30/2023,13-d.ru,179.43.166.54,Russia,REGRU-RU
6/30/2023,afishapharaoh.ru,179.43.166.54,Russia,REGRU-RU
6/30/2023,arena-etihad.com,179.43.166.54,Russia,Not Found
6/30/2023,billieeilish-tour.com,179.43.166.54,Russia,Not Found
6/30/2023,etcetera-tickets.ru,91.239.26.147,Russia,REGRU-RU
6/30/2023,fight-nights.ru,91.239.26.147,Russia,REGRU-RU
6/30/2023,formula1-tickets.com,179.43.166.54,Russia,Not Found
6/30/2023,graf-orloff.ru,179.43.166.54,Russia,REGRU-RU
6/30/2023,gruppa-kino.com,179.43.166.54,Russia,Not Found
6/30/2023,ivanvasilevich.ru,179.43.166.54,Russia,REGRU-RU
6/30/2023,junona-and-avos.ru,179.43.166.54,Russia,REGRU-RU
6/30/2023,live-arena-tickets.com,179.43.166.54,Russia,Not Found
6/30/2023,loboda.com.ru,179.43.166.54,Russia,RU-CENTER-RU
6/30/2023,mayakovskiiy.ru,179.43.166.54,Russia,REGRU-RU
6/30/2023,taganafisha.ru,91.239.26.147,Russia,RU-CENTER-RU
6/30/2023,themastermargarita.ru,179.43.166.54,Russia,REGRU-RU
6/30/2023,ticket-euro2024.com,179.43.166.54,Russia,Not Found
6/30/2023,ticketsevent-uae.com,91.239.26.147,Russia,Not Found
6/30/2023,zemfira.com.ru,179.43.166.54,Russia,RU-CENTER-RU
6/30/2023,zenit-ticket.com,179.43.166.54,Russia,Not Found
6/30/2023,zimnii-teatr.ru,179.43.166.54,Russia,RU-CENTER-RU
7/6/2023,afisha-mtheater.ru,91.239.26.147,Russia,REGRU-RU
7/6/2023,arena-dinamo.ru,179.43.166.54,Russia,REGRU-RU
7/6/2023,arena-fcz.spb.ru,179.43.166.54,Russia,RU-CENTER-RU
7/6/2023,arena-skk.ru,91.239.26.147,Russia,RU-CENTER-RU
7/6/2023,dinamobt-ge.com,91.239.26.147,Russia,Not Found
7/6/2023,grigoriy-leps.com,179.43.166.54,Russia,Not Found
7/6/2023,komissartheatre.com,91.239.26.147,Russia,Not Found
7/6/2023,maks-korzh.com,179.43.166.54,Personal,Not Found
7/6/2023,mhat-art-theatre.ru,91.239.26.147,Russia,RU-CENTER-RU
7/6/2023,operanorma.ru,91.239.26.147,Russia,REGRU-RU
7/6/2023,portalbilet.kz,179.43.166.54,Russia,Not Found
7/6/2023,sochi-afisha.com,91.239.26.147,Russia,Not Found
7/6/2023,tickethockey.com,179.43.166.54,Russia,Not Found
7/6/2023,ticket-uz.com,91.239.26.147,Russia,Not Found
7/6/2023,xkcska.ru,91.239.26.147,Russia,REGRU-RU
7/21/2023,ticketafisha.com,179.43.166.54,Russia,Not Found
7/21/2023,tkt-rs.com,179.43.166.54,Russia,Not Found
7/26/2023,a2-tickets.ru,179.43.166.54,Russia,REGRU-RU
7/26/2023,allstarday.ru,91.239.26.147,Russia,REGRU-RU
7/26/2023,arena-abudhabi.com,91.239.26.147,Russia,Not Found
7/26/2023,currentzis-afisha.com,179.43.166.54,Russia,Not Found
7/26/2023,dinamo-hockey.ru,91.239.26.147,Russia,RU-CENTER-RU
7/26/2023,pbilet.net,91.239.26.147,Russia,Not Found
7/26/2023,redarena-afisha.ru,179.43.166.54,Russia,REGRU-RU
7/26/2023,ticketeventbali.com,179.43.166.54,Russia,Not Found
7/26/2023,ticketeventthai.com,179.43.166.54,Russia,Not Found
7/31/2023,btheatre.spb.ru,179.43.166.54,Russia,RU-CENTER-RU
7/31/2023,hc-salavat.ru,179.43.166.54,Russia,RU-CENTER-RU
7/31/2023,jah-khalib.com,179.43.166.54,Russia,Not Found
7/31/2023,khl-kazan.ru,179.43.166.54,Russia,REGRU-RU
7/31/2023,krskarena.com,179.43.166.54,Russia,Not Found
7/31/2023,tractor-arena.com,179.43.166.54,Russia,Not Found
8/2/2023,gel-afisha.ru,179.43.166.54,Russia,REGRU-RU
8/2/2023,krd-afisha.ru,179.43.166.54,Russia,REGRU-RU
8/2/2023,poluninink.ru,179.43.166.54,Russia,RU-CENTER-RU
8/2/2023,rubin-kassa.com,179.43.166.54,Russia,Not Found
8/7/2023,afisha-gazmanov.com,91.239.26.147,Russia,Not Found
8/7/2023,afisha-piknik.ru,179.43.166.54,Russia,ACTIVE-RU
8/7/2023,akimkomtheatre.com,179.43.166.54,Russia,Not Found
8/7/2023,circus-tickets.ru,91.239.26.147,Russia,REGRU-RU
8/7/2023,concert-shaman.ru,179.43.166.54,Russia,REGRU-RU
8/7/2023,festivalnii.com,179.43.166.54,Russia,Not Found
8/7/2023,hcspartak.moscow,179.43.166.54,Russia,Not Found
8/7/2023,icepalace-kassa.ru,179.43.166.54,Russia,RU-CENTER-RU
8/7/2023,kolbasnyytseh.ru,91.239.26.147,Russia,REGRU-RU
8/7/2023,kvitkifootball.com.ua,179.43.166.54,Russia,ua.ukraine
8/7/2023,mirtheatre.com,179.43.166.54,Russia,Not Found
8/7/2023,noizemc-tickets.com,179.43.166.54,Russia,Not Found
8/7/2023,resalerugby.com,91.239.26.147,Russia,Not Found
8/7/2023,resalerugby2023.com,179.43.166.54,Russia,Not Found
8/7/2023,rotor-ticket.ru,179.43.166.54,Russia,REGRU-RU
8/7/2023,snoopdogg-tickets.com,179.43.166.54,Russia,Not Found
8/11/2023,bi2-ticket.ru,179.43.166.54,Russia,REGRU-RU
8/11/2023,cirknikulina.ru,179.43.166.54,Russia,REGRU-RU
8/11/2023,cirkusnikulin.com,91.239.26.147,Russia,Not Found
8/11/2023,greatcirkus.com,179.43.166.54,Russia,Not Found
8/11/2023,icepalace-ticket.ru,179.43.166.54,Russia,REGRU-RU
8/11/2023,kz-zaryadye.ru,179.43.166.54,Russia,RU-CENTER-RU
8/11/2023,newyearbilet.com,91.239.26.147,Russia,Not Found
8/11/2023,orlovsergtour.ru,179.43.166.54,Russia,REGRU-RU
8/11/2023,veb-arena.com,179.43.166.54,Russia,Not Found
8/11/2023,ygolok-durova.com,91.239.26.147,Russia,Not Found
8/21/2023,afisha-astudio.com,179.43.166.54,Russia,Not Found
8/21/2023,fcz-tickets.ru,91.239.26.147,REDACTED,REGRU-RU
8/21/2023,hcspartak.org,91.239.26.147,REDACTED,Not Found
8/21/2023,kckafisha.ru,91.239.26.147,REDACTED,REGRU-RU
8/22/2023,cska-footballclub.ru,179.43.166.54,Russia,REGRU-RU
8/22/2023,events-pl.com,179.43.166.54,Russia,Not Found
8/22/2023,hc-cska.ru,179.43.166.54,Russia,REGRU-RU
8/22/2023,ice-arenatula.com,179.43.166.54,Russia,Not Found
8/22/2023,pbilet.tech,91.239.26.147,Russia,Not Found
8/22/2023,teatr-mosovet.ru,179.43.166.54,Russia,RU-CENTER-RU
8/22/2023,zenit-basket.ru,179.43.166.54,Russia,RU-CENTER-RU
8/28/2023,ticketufc.com,179.43.166.54,Russia,Not Found
9/12/2023,afisha-maly.com,179.43.166.54,Russia,Not Found
9/12/2023,ufc-tickets.ru,179.43.166.54,Russia,REGTIME-RU
9/21/2023,afishalolita.ru,91.239.26.147,Russia,REGRU-RU
9/21/2023,grandcircus.ru,91.239.26.147,Russia,REGRU-RU
9/21/2023,hcs-ticket.ru,91.239.26.147,Russia,REGRU-RU
9/21/2023,oxxxy-tour.com,91.239.26.147,Russia,Not Found
9/21/2023,rusptheater.ru,91.239.26.147,Russia,REGRU-RU
9/21/2023,splean-tickets.com,91.239.26.147,Russia,Not Found
9/21/2023,tickets-event.com,179.43.166.54,REDACTED,Not Found
9/21/2023,tickets-madonna.com,179.43.166.54,REDACTED,Not Found
9/21/2023,zemfira.band,179.43.166.54,REDACTED,Not Found
9/22/2023,afisha-alextheatre.com,179.43.166.54,Russia,Not Found
9/22/2023,b2-tour.com,179.43.166.54,Russia,Not Found
10/10/2023,afisha-alisa.com,179.43.166.54,Russia,Not Found
10/10/2023,afishadtheatre.com,91.239.26.147,Russia,Not Found
10/10/2023,afishamikhtheatre.com,179.43.166.54,Russia,Not Found
10/10/2023,afisha-roof.ru,91.239.26.147,Russia,RU-CENTER-RU
10/10/2023,childshow.ru,91.239.26.147,Russia,REGRU-RU
10/10/2023,cirkus-nikulina.ru,91.239.26.147,Russia,REGRU-RU
10/10/2023,etheatreballet.com,179.43.166.54,Russia,Not Found
10/10/2023,exchange-tickets.com,91.239.26.147,Russia,Not Found
10/10/2023,fcdynamo-kassa.com,91.239.26.147,Russia,Not Found
10/10/2023,footballeurochamp.com,179.43.166.54,Russia,Not Found
10/10/2023,goldenring-kassa.ru,179.43.166.54,Russia,REGRU-RU
10/10/2023,hc-avtomobilist.com,179.43.166.54,Russia,Not Found
10/10/2023,lastochkaclub.com,179.43.166.54,Russia,Not Found
10/10/2023,metallica-ticket.com,91.239.26.147,Russia,Not Found
10/10/2023,newyearcircus.ru,91.239.26.147,Russia,REGRU-RU
10/10/2023,serozha-mxt.ru,91.239.26.147,Russia,REGRU-RU
10/10/2023,spartak-footballclub.com,91.239.26.147,Russia,Not Found
10/10/2023,ticketska.ru,179.43.166.54,Russia,RU-CENTER-RU
10/10/2023,tickets-piratestation.ru,179.43.166.54,Russia,RU-CENTER-RU
10/10/2023,yubi-afisha.ru,179.43.166.54,Russia,REGRU-RU
10/13/2023,circus-am.com,179.43.166.54,Russia,Not Found
10/13/2023,hc-lokomotiv.com,179.43.166.54,Russia,Not Found
10/13/2023,novosib-expo.ru,179.43.166.54,Russia,REGRU-RU
10/13/2023,novosibirsk-arena.com,179.43.166.54,Russia,Not Found
10/13/2023,ticketcircus.spb.ru,179.43.166.54,Russia,RU-CENTER-RU
10/13/2023,tickets-alisa.com,179.43.166.54,Russia,Not Found
10/16/2023,aurora-fm.com,179.43.166.54,Russia,Not Found
10/16/2023,ballet-shchelkunchik.com,179.43.166.54,Russia,Not Found
10/16/2023,cds-tickets.ru,179.43.166.54,Russia,BEGET-RU
10/16/2023,europaleague-tickets.ru,179.43.166.54,Russia,REGRU-RU
10/16/2023,events-fi.com,179.43.166.54,Russia,Not Found
10/16/2023,fcrotor-kassa.ru,179.43.166.54,Russia,REGRU-RU
10/16/2023,figur-skating.ru,179.43.166.54,Russia,REGRU-RU
10/16/2023,hc-cska-msk.ru,179.43.166.54,Russia,REGRU-RU
10/16/2023,hcdinamoby.com,179.43.166.54,Russia,Not Found
10/16/2023,krokus-tickets.ru,179.43.166.54,Russia,REGRU-RU
10/16/2023,kskexpress-tickets.ru,179.43.166.54,Russia,REGRU-RU
10/16/2023,lionking-ticket.com,179.43.166.54,Russia,Not Found
10/16/2023,montechristo.ru,179.43.166.54,Russia,REGRU-RU
10/16/2023,mtftheatre.com,179.43.166.54,Russia,Not Found
10/16/2023,rammstein.com.ru,179.43.166.54,Russia,RU-CENTER-RU
10/16/2023,romeo-and-julietta.ru,179.43.166.54,Russia,RU-CENTER-RU
10/16/2023,show-kassa.com,179.43.166.54,Russia,Not Found
10/16/2023,teatr-chekhova.ru,179.43.166.54,Russia,REGRU-RU
10/16/2023,teatr-fomenki.ru,179.43.166.54,Russia,REGRU-RU
10/16/2023,ticketoffice-ee.com,179.43.166.54,Russia,Not Found
10/16/2023,ticketoffice-lt.com,179.43.166.54,Russia,Not Found
10/16/2023,ticketoffice-lv.com,179.43.166.54,Russia,Not Found
10/16/2023,ticketscomedy.ru,91.239.26.147,Russia,REGRU-RU
10/16/2023,vk-fest.com,179.43.166.54,Russia,Not Found
10/16/2023,votheatre.com,179.43.166.54,Russia,Not Found
10/17/2023,afishavokzal.com,91.239.26.147,Russia,Not Found
10/17/2023,arenaabydhabi.com,91.239.26.147,Russia,Not Found
10/17/2023,arenaetihad.com,179.43.166.54,Russia,Not Found
10/17/2023,olimpic-tickets.com,91.239.26.147,Russia,Not Found
10/19/2023,fcks-ticket.com,179.43.166.54,Russia,Not Found
10/24/2023,afisha-gbarclub.ru,179.43.166.54,Russia,REGRU-RU
10/24/2023,copaamerica-tickets.com,179.43.166.54,Russia,Not Found
10/24/2023,hamilton-ticket.com,179.43.166.54,Russia,Not Found
10/24/2023,hcsibir-tickets.ru,179.43.166.54,Russia,REGRU-RU
10/24/2023,pro-fights.com,179.43.166.54,Russia,Not Found
10/28/2023,1tv-cup.com,91.239.26.147,Russia,Not Found
11/3/2023,arena-minsk.com,179.43.166.54,Russia,Not Found
11/3/2023,chaikovskogo-kassa.com,179.43.166.54,Russia,Not Found
11/3/2023,fcnn-tickets.com,179.43.166.54,Russia,Not Found
11/3/2023,fhr-ticket.com,179.43.166.54,Russia,Not Found
11/3/2023,hockey-spartakclub.ru,179.43.166.54,Russia,Not Found
11/3/2023,igor-krutoi.ru,179.43.166.54,Russia,RU-CENTER-RU
11/7/2023,afisha-mot.ru,179.43.166.54,Russia,RU-CENTER-RU
11/7/2023,arena-volgograd.ru,179.43.166.54,Russia,REGRU-RU
11/7/2023,great-teatr.com,179.43.166.54,Russia,Not Found
11/7/2023,krd-stadium.ru,179.43.166.54,Russia,REGRU-RU
11/7/2023,ska-ticket.ru,91.239.26.147,Russia,REGRU-RU
11/13/2023,basta-tour.com,179.43.166.54,Russia,Not Found
11/14/2023,afishaolympia.com,179.43.166.54,Russia,Not Found
11/14/2023,dkvtheatre.com,179.43.166.54,Russia,Not Found
11/14/2023,maks-korzh.ru,179.43.166.54,Russia,REGRU-RU
11/14/2023,meladze-concerts.com,179.43.166.54,Russia,Not Found
11/14/2023,mxtafisha.ru,179.43.166.54,Russia,REGRU-RU
11/14/2023,teatrramt.ru,179.43.166.54,Russia,REGRU-RU
11/15/2023,allstarsday.com,179.43.166.54,Russia,Not Found
11/15/2023,volgograd-kassa.ru,179.43.166.54,Russia,REGRU-RU
11/20/2023,almatyarena.com,179.43.166.54,Russia,Not Found
11/20/2023,arena-sibir.ru,179.43.166.54,Russia,REGRU-RU
11/20/2023,arenasibir-kassa.ru,179.43.166.54,Russia,REGRU-RU
11/20/2023,crokus-concert.com,179.43.166.54,Russia,Not Found
11/20/2023,gofuture-games.ru,179.43.166.54,Russia,REGRU-RU
11/21/2023,afisha-alisa.ru,179.43.166.54,Russia,RU-CENTER-RU
11/21/2023,afishalolita.com,179.43.166.54,Russia,Not Found
11/21/2023,arena-kassa.ru,179.43.166.54,Russia,RU-CENTER-RU
11/21/2023,big-circ.ru,179.43.166.54,Russia,REGRU-RU
11/21/2023,elka-kremlin.ru,179.43.166.54,Russia,REGRU-RU
11/21/2023,filipp-kirkorov.com,179.43.166.54,Russia,Not Found
11/21/2023,hcsibir-tickets.com,179.43.166.54,Russia,Not Found
11/21/2023,izvestiyahall.ru,179.43.166.54,Russia,REGRU-RU
11/21/2023,kingdomarena-sa.com,179.43.166.54,Russia,Not Found
11/21/2023,opereta-afisha.ru,179.43.166.54,Russia,RU-CENTER-RU
11/21/2023,rnd-stadium.ru,179.43.166.54,Russia,REGRU-RU
11/21/2023,rsahall-afisha.ru,179.43.166.54,Russia,REGRU-RU
11/21/2023,sportafisha.com,179.43.166.54,Russia,Not Found
11/21/2023,taganka-teatr.ru,179.43.166.54,Russia,REGRU-RU
11/21/2023,ticket-concert.com,179.43.166.54,Russia,Not Found
11/21/2023,tickets-louvre.com,179.43.166.54,Russia,Not Found
11/21/2023,vk-stadium.com,179.43.166.54,Russia,Not Found
11/24/2023,afisha-kremlya.com,179.43.166.54,Russia,Not Found
11/24/2023,ticketfootball.ru,179.43.166.54,Russia,REGRU-RU
11/30/2023,afisha-cosclub.ru,91.239.26.147,Russia,REGRU-RU
11/30/2023,amadeu.ru,91.239.26.147,Russia,RU-CENTER-RU
11/30/2023,cirk-nikulin.ru,91.239.26.147,Russia,REGRU-RU
11/30/2023,cska-kassy.ru,91.239.26.147,Russia,REGRU-RU
11/30/2023,eseninwomen.ru,91.239.26.147,Russia,REGRU-RU
11/30/2023,es-tickets.ru,91.239.26.147,Russia,REGRU-RU
11/30/2023,green-day.ru,91.239.26.147,Russia,REGRU-RU
11/30/2023,kazanarena-tickets.ru,91.239.26.147,Russia,RU-CENTER-RU
11/30/2023,lada-kassa.com,91.239.26.147,Russia,Not Found
11/30/2023,pbilet.ru,91.239.26.147,Russia,RU-CENTER-RU
11/30/2023,tickets-avto.ru,91.239.26.147,Russia,REGRU-RU
12/1/2023,almaty-ayenderi.com,179.43.166.54,Russian,Not Found
12/1/2023,cska-hockeyarena.com,179.43.166.54,Russian,Not Found
12/1/2023,dk-zyeva.com,179.43.166.54,Russian,Not Found
12/1/2023,kzmconcert.com,179.43.166.54,Russian,Not Found
12/1/2023,tickets-fest.ru,179.43.166.54,Russian,RU-CENTER-RU
12/18/2023,1tvcup.com,179.43.166.54,Russia,Not Found
12/18/2023,icepalace-bolshoi.ru,179.43.166.54,Russia,REGRU-RU
12/18/2023,new-opera.ru,179.43.166.54,Russia,REGRU-RU
12/24/2023,afishagagarina.com,179.43.166.54,Russia,Not Found
12/24/2023,afisha-kzm.com,179.43.166.54,Russia,Not Found
12/24/2023,dimash-ticket.ru,179.43.166.54,Russia,RU-CENTER-RU
12/24/2023,rostov-teatr.ru,179.43.166.54,Russia,REGRU-RU
12/24/2023,russiaserbiafootball.com,179.43.166.54,Russia,Not Found
1/11/2024,arenasibir-nsk.ru,179.43.166.54,Russia,Not Found
1/11/2024,bt-kassa.com,179.43.166.54,Russia,Not Found
1/11/2024,gdrv-arena.ru,179.43.166.54,Russia,REGRU-RU
1/11/2024,mihtheatre.com,179.43.166.54,Russia,Not Found
1/11/2024,sibir-arena.com,179.43.166.54,Russia,Not Found
1/11/2024,ticketoffice.ae,179.43.166.54,Russia,Not Found
1/11/2024,ticketscircus.spb.ru,179.43.166.54,Russia,RU-CENTER-RU
1/22/2024,crave-tickets.com,179.43.166.54,Russia,Not Found
1/22/2024,tickets-am.com,179.43.166.54,Russia,Not Found
1/29/2024,arena-spb.com,179.43.166.54,Russia,Not Found
1/29/2024,bt-tickets.com,179.43.166.54,Russia,Not Found
1/29/2024,hc-kazan.ru,179.43.166.54,Russia,REGRU-RU
2/9/2024,lentheatre.com,179.43.166.54,Russia,Not Found
2/15/2024,afishacircus.com,179.43.166.54,Russia,Not Found
2/15/2024,afisha-circus.ru,179.43.166.54,Russia,REGRU-RU
2/15/2024,gofuture-games.com,179.43.166.54,Russia,Not Found
2/15/2024,greenteatr.ru,179.43.166.54,Russia,REGRU-RU
2/15/2024,league-nations.com,179.43.166.54,Russia,Not Found
2/16/2024,acdc-tickets.com,179.43.166.54,Russia,Not Found
2/16/2024,afishatheatreballet.com,179.43.166.54,Russia,Not Found
2/16/2024,alessafina-tour.com,179.43.166.54,Russia,Not Found
2/22/2024,ticket-paris24.com,179.43.166.54,Russia,Not Found
3/13/2024,circbilet.ru,179.43.166.54,Russia,RU-CENTER-RU
3/13/2024,cska-ticketsstore.com,179.43.166.54,Russia,Not Found
3/13/2024,kaz-theatre.com,179.43.166.54,Russia,Not Found
3/13/2024,nikulin-circ.ru,179.43.166.54,Russia,RU-CENTER-RU
3/15/2024,concert-knyazz.ru,179.43.166.54,Russia,Not Found
3/19/2024,danceopentheatre.com,179.43.166.54,Russia,Not Found
3/22/2024,tickets-hcska.com,179.43.166.54,Russia,Not Found
3/25/2024,arena-kassa.com,179.43.166.54,Russia,Not Found
3/25/2024,ekb-arena-kassa.ru,179.43.166.54,Russia,Not Found
3/25/2024,ekb-stadium.ru,179.43.166.54,Russia,REGRU-RU
3/25/2024,euro2024-ticketing.com,179.43.166.54,Russia,Not Found
3/25/2024,kosmos-kkt.com,179.43.166.54,Russia,Not Found
3/25/2024,krasnodar-arena-kassa.ru,179.43.166.54,Russia,Not Found
3/25/2024,lukoil-arena-kassa.ru,179.43.166.54,Russia,Not Found
3/25/2024,rostov-arena-kassa.ru,179.43.166.54,Russia,Not Found
3/25/2024,samara-arena-kassa.ru,179.43.166.54,Russia,Not Found
4/5/2024,16-tons.ru,91.239.26.147,Russia,REGRU-RU
4/5/2024,afisharoof.com,179.43.166.54,Russia,Not Found
4/5/2024,danceopentheater.com,179.43.166.54,Russia,Not Found
4/5/2024,embargo-tickets.com,179.43.166.54,Russia,Not Found
4/5/2024,events-de.com,179.43.166.54,Russia,Not Found
4/5/2024,games-future.com,179.43.166.54,Russia,Not Found
4/5/2024,m1-arena.com,179.43.166.54,Russia,Not Found
4/5/2024,nov-at.com,179.43.166.54,Russia,Not Found
4/5/2024,polina-gagarina.com,179.43.166.54,Russia,Not Found
4/5/2024,teatr-ermolovoy.ru,179.43.166.54,Russia,REGRU-RU
4/5/2024,teatrestrada.com,179.43.166.54,Russia,Not Found
4/5/2024,volya-tickets.ru,179.43.166.54,Russia,REGRU-RU
4/18/2024,guf-tickets.ru,179.43.166.54,Russia,REGRU-RU
4/18/2024,leningrad-tickets.ru,179.43.166.54,Russia,BEGET-RU
4/18/2024,ticketparis24.com,179.43.166.54,Russia,Not Found
4/27/2024,bricskz2024.com,179.43.166.54,Russia,Not Found
4/27/2024,msport-arena.ru,179.43.166.54,Russia,REGRU-RU
4/27/2024,musicatheatre.com,179.43.166.54,Russia,Not Found
4/27/2024,philkassa-spb.com,179.43.166.54,Russia,Not Found
4/27/2024,torpedo-moscow.com,179.43.166.54,Russia,Not Found
4/27/2024,ufc308.com,179.43.166.54,Russia,Not Found
5/6/2024,saburov-nurlan.com,179.43.166.54,Russia,Not Found
5/6/2024,ural-pelmeny.ru,179.43.166.54,Russia,REGRU-RU
5/7/2024,bilet-v-kreml.com,179.43.166.54,Russia,Not Found
5/7/2024,dinamo-arena.com,179.43.166.54,Russia,Not Found
5/7/2024,icearena-nn.com,179.43.166.54,Russia,Not Found
5/7/2024,mayakovsky-theater.ru,179.43.166.54,Russia,REGRU-RU
5/7/2024,mdramtheatre.com,179.43.166.54,Russia,Not Found
5/7/2024,novgorod-basket.ru,179.43.166.54,Russian,Not Found
5/7/2024,tickets-iihf.com,179.43.166.54,Russian,Not Found
5/7/2024,ticket-supercup.com,179.43.166.54,Russia,Not Found
5/7/2024,tktseller.com,179.43.166.54,United,Not Found
5/7/2024,vegashall-tickets.com,179.43.166.54,Russia,Not Found
5/16/2024,1930-moscow.com,91.239.26.147,Russia,Not Found
5/16/2024,afisha-bconcert.ru,179.43.166.54,Russia,REGRU-RU
5/16/2024,capkassa-spb.com,179.43.166.54,Russia,Not Found
5/16/2024,championat-football.com,179.43.166.54,Russia,Not Found
5/16/2024,dommusic-kassa.ru,179.43.166.54,Russia,RU-CENTER-RU
5/16/2024,gazarena-tickets.ru,179.43.166.54,Russia,RU-CENTER-RU
5/16/2024,kvytkyfootball.com.ua,179.43.166.54,Russia,ua.ukraine
5/16/2024,maksimconcert.com,179.43.166.54,Russia,Not Found
5/16/2024,m-bronaya.com,179.43.166.54,Russia,Not Found
5/16/2024,sovremennik-kassa.com,179.43.166.54,Russia,Not Found
5/16/2024,tickets-eltonjohn.com,179.43.166.54,Russia,Not Found
5/16/2024,yaballettheatre.com,179.43.166.54,Russia,Not Found
5/24/2024,ticketofficellc.com,179.43.166.54,United,Not Found
5/24/2024,ticket-vkfest.com,179.43.166.54,United,Not Found
5/31/2024,arena-coca-cola.com,179.43.166.54,Russia,Not Found
5/31/2024,gamesfriendship.com,179.43.166.54,Russia,Not Found
5/31/2024,ticketwhitenight.com,179.43.166.54,Russia,Not Found
5/31/2024,vahtangafisha.ru,179.43.166.54,Russia,RU-CENTER-RU
6/5/2024,aida-garifullina.ru,179.43.166.54,Russia,RU-CENTER-RU
6/5/2024,ddt-tickets.ru,179.43.166.54,Russia,REGRU-RU
6/5/2024,zemfira.ge,179.43.166.54,Russia,Not Found
6/6/2024,bricskz24.com,179.43.166.54,Russia,Not Found
6/6/2024,hc-dynamo.ru,179.43.166.54,Russia,RU-CENTER-RU
6/6/2024,sportgameskz24.com,179.43.166.54,Russia,Not Found
6/12/2024,30secondstomars-tickets.ru,179.43.166.54,Russia,Not Found
6/12/2024,30secondstomars-tour.com,179.43.166.54,Russia,Not Found
6/12/2024,bratskycup2024.ru,179.43.166.54,Russia,Not Found
6/12/2024,icepalace-kassa.com,179.43.166.54,Russia,Not Found
6/12/2024,sting-tickets.ru,179.43.166.54,Russia,RU-CENTER-RU
6/26/2024,closed-link.com,179.43.166.54,United,Not Found
6/26/2024,concerts.md,179.43.166.54,Russia,Not Found
6/26/2024,dinamomx.ru,179.43.166.54,Russia,Not Found
6/26/2024,l-arena.com,179.43.166.54,Russian,Not Found
6/26/2024,stage-tickets.com,179.43.166.54,Russian,Not Found
6/26/2024,tna-afisha.ru,179.43.166.54,Russia,RU-CENTER-RU
,baltika-ticket.ru,,,
,baltika-tickets.ru,,,
,barvikha-luxury-village.ru,,,
,concertgiopika.com,,,
,elki-tickets.ru,,,
,fcloko-ticket.ru,,,
,moscowtyz-tickets.ru,,,
,moskvarium-tickets.ru,,,
,one-re.ru,,,
,operetta-afisha.ru,,,
,portalbileti.ge,,,
,ramt-afisha.ru,,,
,samara.arena-kassa.ru,,,
,ticket-concierge.com,,,
,ticket-rfs.ru,,,
,vtb.arena-kassa.com,,,
,zimnii-ticket.ru,,,